ML Model,R2,RMSE
Decision Tree,0.94699,339.73178
Random Forest,0.93939,434.77509
AdaBoost,0.81683,853.14449
XGBoost,0.82617,817.96306
